{
    "comment": "",
    "manual_seed": null,
    "openpmd_configuration": {},
    "openpmd_granularity": 1,
    "use_ddp": false,
    "use_gpu": false,
    "use_lammps": true,
    "use_mpi": false,
    "verbosity": 1,
    "data": {
        "data_splitting_type": "by_snapshot",
        "input_rescaling_type": "feature-wise-standard",
        "output_rescaling_type": "normal",
        "shuffling_seed": null,
        "snapshot_directories_list": [
            {
                "object": "Snapshot",
                "data": {
                    "calculation_output": "",
                    "grid_dimension": [
                        18,
                        18,
                        27
                    ],
                    "grid_dimensions": null,
                    "grid_size": 8748,
                    "input_dimension": null,
                    "input_npy_directory": "/ascldap/users/casahas/projects/mala-main/test-data/Be2",
                    "input_npy_file": "Be_snapshot0.in.npy",
                    "input_units": "None",
                    "output_dimension": null,
                    "output_npy_directory": "/ascldap/users/casahas/projects/mala-main/test-data/Be2",
                    "output_npy_file": "Be_snapshot0.out.npy",
                    "output_units": "1/(eV*A^3)",
                    "snapshot_function": "tr",
                    "snapshot_type": "numpy"
                }
            },
            {
                "object": "Snapshot",
                "data": {
                    "calculation_output": "",
                    "grid_dimension": [
                        18,
                        18,
                        27
                    ],
                    "grid_dimensions": null,
                    "grid_size": 8748,
                    "input_dimension": null,
                    "input_npy_directory": "/ascldap/users/casahas/projects/mala-main/test-data/Be2",
                    "input_npy_file": "Be_snapshot1.in.npy",
                    "input_units": "None",
                    "output_dimension": null,
                    "output_npy_directory": "/ascldap/users/casahas/projects/mala-main/test-data/Be2",
                    "output_npy_file": "Be_snapshot1.out.npy",
                    "output_units": "1/(eV*A^3)",
                    "snapshot_function": "va",
                    "snapshot_type": "numpy"
                }
            }
        ],
        "use_fast_tensor_data_set": false,
        "use_lazy_loading": false,
        "use_lazy_loading_prefetch": false,
        "_parameters_type": "ParametersData"
    },
    "datageneration": {
        "local_psp_name": null,
        "local_psp_path": null,
        "ofdft_friction": 0.1,
        "ofdft_kedf": "WT",
        "ofdft_number_of_timesteps": 0,
        "ofdft_temperature": 0,
        "ofdft_timestep": 0,
        "trajectory_analysis_below_average_counter": 50,
        "trajectory_analysis_correlation_metric_cutoff": -0.1,
        "trajectory_analysis_denoising_width": 100,
        "trajectory_analysis_estimated_equilibrium": 0.1,
        "trajectory_analysis_temperature_tolerance_percent": 1,
        "_parameters_type": "ParametersDataGeneration"
    },
    "descriptors": {
        "ace_L_R": 0,
        "ace_M_R": 0,
        "ace_apply_shift": false,
        "ace_coupling_type": "cg",
        "ace_elements": [
            "Al",
            "G"
        ],
        "ace_grid_filter": true,
        "ace_lmax": [
            0,
            2,
            2
        ],
        "ace_lmax_traditional": 12,
        "ace_lmin": [
            0,
            0,
            0
        ],
        "ace_metal_max": true,
        "ace_mumax": 2,
        "ace_nmax": [
            6,
            2,
            2
        ],
        "ace_nradbase": 6,
        "ace_nshell": 2.0,
        "ace_padfunc": true,
        "ace_ranks": [
            1,
            2,
            3
        ],
        "ace_reference_ens": [
            0.0,
            0.0
        ],
        "ace_types_like_snap": false,
        "ace_use_vdw": false,
        "atomic_density_cutoff": 4.67637,
        "atomic_density_sigma": null,
        "bispectrum_cutoff": 4.67637,
        "bispectrum_switchflag": 1,
        "bispectrum_twojmax": 10,
        "descriptor_type": "Bispectrum",
        "descriptors_contain_xyz": true,
        "lammps_compute_file": "",
        "minterpy_cutoff_cube_size": 0.0,
        "minterpy_lp_norm": 2,
        "minterpy_point_list": [],
        "minterpy_polynomial_degree": 4,
        "use_atomic_density_energy_formula": false,
        "use_y_splitting": 0,
        "use_z_splitting": true,
        "_parameters_type": "ParametersDescriptors"
    },
    "hyperparameters": {
        "acsd_points": 100,
        "checkpoint_name": "checkpoint_mala_ho",
        "checkpoints_each_trial": 0,
        "direction": "minimize",
        "hlist": [],
        "hyper_opt_method": "optuna",
        "n_trials": 100,
        "naswot_pruner_batch_size": 0,
        "naswot_pruner_cutoff": 0,
        "number_bad_trials_before_stopping": null,
        "number_training_per_trial": 1,
        "pruner": null,
        "rdb_storage": null,
        "rdb_storage_heartbeat": null,
        "sqlite_timeout": 600,
        "study_name": null,
        "trial_ensemble_evaluation": "mean",
        "use_multivariate": true,
        "_parameters_type": "ParametersHyperparameterOptimization"
    },
    "network": {
        "bidirection": false,
        "dropout": 0.1,
        "layer_activations": [
            "ReLU"
        ],
        "layer_sizes": [
            91,
            100,
            11
        ],
        "loss_function_type": "mse",
        "nn_type": "feed-forward",
        "no_hidden_state": false,
        "num_heads": 10,
        "num_hidden_layers": 1,
        "_parameters_type": "ParametersNetwork"
    },
    "running": {
        "after_before_training_metric": "ldos",
        "checkpoint_name": "checkpoint_mala",
        "checkpoints_each_epoch": 0,
        "during_training_metric": "ldos",
        "early_stopping_epochs": 0,
        "early_stopping_threshold": 0,
        "inference_data_grid": [
            0,
            0,
            0
        ],
        "learning_rate": 1e-05,
        "learning_rate_decay": 0.1,
        "learning_rate_patience": 0,
        "learning_rate_scheduler": null,
        "max_number_epochs": 100,
        "mini_batch_size": 40,
        "num_workers": 0,
        "profiler_range": null,
        "training_report_frequency": 1000,
        "trainingtype": "Adam",
        "use_graphs": false,
        "use_mixed_precision": false,
        "use_shuffling_for_samplers": true,
        "verbosity": true,
        "visualisation": 0,
        "visualisation_dir": "./mala_logging",
        "visualisation_dir_append_date": true,
        "weight_decay": 0,
        "_parameters_type": "ParametersRunning"
    },
    "targets": {
        "ldos_gridoffset_ev": -5,
        "ldos_gridsize": 11,
        "ldos_gridspacing_ev": 2.5,
        "pseudopotential_path": null,
        "rdf_parameters": {
            "number_of_bins": 500,
            "rMax": "mic"
        },
        "restrict_targets": "zero_out_negative",
        "ssf_parameters": {
            "number_of_bins": 100,
            "kMax": 12.0
        },
        "target_type": "LDOS",
        "tpcf_parameters": {
            "number_of_bins": 20,
            "rMax": "mic"
        },
        "_parameters_type": "ParametersTargets"
    }
}